epoch,time,train/loss,metrics/accuracy_top1,metrics/accuracy_top5,val/loss,lr/pg0,lr/pg1,lr/pg2,lr/pg3,lr/pg4,lr/pg5,lr/pg6,lr/pg7
1,124.719,1.61965,0.49338,0.96379,1.34097,0.00999381,0.00333127,0.00999381,0.00333127,0.00999381,0.00333127,0.00999381,0.00333127
2,243.661,1.36808,0.5578,0.9812,1.17411,0.0197959,0.00659862,0.0197959,0.00659862,0.0197959,0.00659862,0.0197959,0.00659862
3,360.485,1.27865,0.57486,0.98538,1.10798,0.0293999,0.00979998,0.0293999,0.00979998,0.0293999,0.00979998,0.0293999,0.00979998
4,486.017,1.2251,0.5968,0.98642,1.07603,0.029109,0.009703,0.029109,0.009703,0.029109,0.009703,0.029109,0.009703
5,604.664,1.16159,0.61281,0.98851,1.02734,0.028812,0.009604,0.028812,0.009604,0.028812,0.009604,0.028812,0.009604
6,724.713,1.11631,0.62187,0.9899,1.00854,0.028515,0.009505,0.028515,0.009505,0.028515,0.009505,0.028515,0.009505
7,844.383,1.0953,0.62883,0.99234,0.97309,0.028218,0.009406,0.028218,0.009406,0.028218,0.009406,0.028218,0.009406
8,964.958,1.07249,0.63405,0.99234,0.97174,0.027921,0.009307,0.027921,0.009307,0.027921,0.009307,0.027921,0.009307
9,1084.95,1.05176,0.65007,0.99025,0.93821,0.027624,0.009208,0.027624,0.009208,0.027624,0.009208,0.027624,0.009208
10,1205.72,1.03604,0.64589,0.99199,0.95209,0.027327,0.009109,0.027327,0.009109,0.027327,0.009109,0.027327,0.009109
11,1326.24,1.01766,0.65634,0.99373,0.93484,0.02703,0.00901,0.02703,0.00901,0.02703,0.00901,0.02703,0.00901
12,1446.05,1.00625,0.65843,0.99373,0.92023,0.026733,0.008911,0.026733,0.008911,0.026733,0.008911,0.026733,0.008911
13,1567.68,0.99479,0.67409,0.99408,0.89815,0.026436,0.008812,0.026436,0.008812,0.026436,0.008812,0.026436,0.008812
14,1689.07,0.9892,0.66435,0.99478,0.8976,0.026139,0.008713,0.026139,0.008713,0.026139,0.008713,0.026139,0.008713
15,1811.06,0.97634,0.66191,0.99443,0.8951,0.025842,0.008614,0.025842,0.008614,0.025842,0.008614,0.025842,0.008614
16,1932.89,0.9704,0.67026,0.99478,0.88173,0.025545,0.008515,0.025545,0.008515,0.025545,0.008515,0.025545,0.008515
17,2053.93,0.96323,0.66852,0.99443,0.88463,0.025248,0.008416,0.025248,0.008416,0.025248,0.008416,0.025248,0.008416
18,2175.52,0.95008,0.68175,0.99687,0.86585,0.024951,0.008317,0.024951,0.008317,0.024951,0.008317,0.024951,0.008317
19,2297.42,0.94852,0.67514,0.99547,0.87362,0.024654,0.008218,0.024654,0.008218,0.024654,0.008218,0.024654,0.008218
20,2419.14,0.93722,0.67514,0.99513,0.86953,0.024357,0.008119,0.024357,0.008119,0.024357,0.008119,0.024357,0.008119
21,2541.25,0.93478,0.67514,0.99513,0.86854,0.02406,0.00802,0.02406,0.00802,0.02406,0.00802,0.02406,0.00802
22,2663.07,0.92605,0.68733,0.99304,0.85499,0.023763,0.007921,0.023763,0.007921,0.023763,0.007921,0.023763,0.007921
23,2785.05,0.92002,0.6915,0.99443,0.8498,0.023466,0.007822,0.023466,0.007822,0.023466,0.007822,0.023466,0.007822
24,2906.81,0.91169,0.68907,0.99478,0.85211,0.023169,0.007723,0.023169,0.007723,0.023169,0.007723,0.023169,0.007723
25,3028.36,0.90852,0.69638,0.99373,0.84223,0.022872,0.007624,0.022872,0.007624,0.022872,0.007624,0.022872,0.007624
26,3150.55,0.89855,0.69533,0.99373,0.84671,0.022575,0.007525,0.022575,0.007525,0.022575,0.007525,0.022575,0.007525
27,3270.22,0.89136,0.69011,0.99408,0.8482,0.022278,0.007426,0.022278,0.007426,0.022278,0.007426,0.022278,0.007426
28,3390.98,0.88615,0.69882,0.99373,0.83793,0.021981,0.007327,0.021981,0.007327,0.021981,0.007327,0.021981,0.007327
29,3512.2,0.88071,0.70474,0.99408,0.83694,0.021684,0.007228,0.021684,0.007228,0.021684,0.007228,0.021684,0.007228
30,3633.51,0.8724,0.70125,0.99478,0.84226,0.021387,0.007129,0.021387,0.007129,0.021387,0.007129,0.021387,0.007129
31,3755,0.86974,0.70439,0.99443,0.84112,0.02109,0.00703,0.02109,0.00703,0.02109,0.00703,0.02109,0.00703
32,3875.25,0.86758,0.70752,0.99547,0.83659,0.020793,0.006931,0.020793,0.006931,0.020793,0.006931,0.020793,0.006931
33,3995.96,0.85851,0.70613,0.99513,0.83448,0.020496,0.006832,0.020496,0.006832,0.020496,0.006832,0.020496,0.006832
34,4115.48,0.84839,0.70996,0.99513,0.83141,0.020199,0.006733,0.020199,0.006733,0.020199,0.006733,0.020199,0.006733
35,4235.65,0.84863,0.70926,0.99547,0.82829,0.019902,0.006634,0.019902,0.006634,0.019902,0.006634,0.019902,0.006634
36,4356.47,0.84261,0.71135,0.99582,0.8272,0.019605,0.006535,0.019605,0.006535,0.019605,0.006535,0.019605,0.006535
37,4477.57,0.83275,0.71031,0.99513,0.82821,0.019308,0.006436,0.019308,0.006436,0.019308,0.006436,0.019308,0.006436
38,4597.91,0.83316,0.70996,0.99547,0.83092,0.019011,0.006337,0.019011,0.006337,0.019011,0.006337,0.019011,0.006337
39,4718.86,0.82828,0.71135,0.99513,0.82935,0.018714,0.006238,0.018714,0.006238,0.018714,0.006238,0.018714,0.006238
40,4838.27,0.81751,0.7117,0.99513,0.82939,0.018417,0.006139,0.018417,0.006139,0.018417,0.006139,0.018417,0.006139
41,4957.48,0.82002,0.71205,0.99513,0.82877,0.01812,0.00604,0.01812,0.00604,0.01812,0.00604,0.01812,0.00604
42,5074.82,0.80746,0.70996,0.99513,0.82825,0.017823,0.005941,0.017823,0.005941,0.017823,0.005941,0.017823,0.005941
43,5192.54,0.79633,0.70891,0.99513,0.8283,0.017526,0.005842,0.017526,0.005842,0.017526,0.005842,0.017526,0.005842
44,5309.66,0.79134,0.70891,0.99513,0.83033,0.017229,0.005743,0.017229,0.005743,0.017229,0.005743,0.017229,0.005743
45,5427.02,0.78972,0.70926,0.99513,0.83202,0.016932,0.005644,0.016932,0.005644,0.016932,0.005644,0.016932,0.005644
46,5544.41,0.78493,0.70717,0.99513,0.83153,0.016635,0.005545,0.016635,0.005545,0.016635,0.005545,0.016635,0.005545
47,5660.82,0.77845,0.70891,0.99513,0.83243,0.016338,0.005446,0.016338,0.005446,0.016338,0.005446,0.016338,0.005446
48,5777.59,0.77447,0.70996,0.99547,0.83231,0.016041,0.005347,0.016041,0.005347,0.016041,0.005347,0.016041,0.005347
49,5893.83,0.76475,0.71031,0.99547,0.83508,0.015744,0.005248,0.015744,0.005248,0.015744,0.005248,0.015744,0.005248
50,6010.87,0.75971,0.70891,0.99513,0.8338,0.015447,0.005149,0.015447,0.005149,0.015447,0.005149,0.015447,0.005149
51,6127.84,0.75001,0.71065,0.99513,0.83285,0.01515,0.00505,0.01515,0.00505,0.01515,0.00505,0.01515,0.00505
52,6244.53,0.7517,0.70961,0.99513,0.83646,0.014853,0.004951,0.014853,0.004951,0.014853,0.004951,0.014853,0.004951
53,6361.04,0.74223,0.70926,0.99478,0.83656,0.014556,0.004852,0.014556,0.004852,0.014556,0.004852,0.014556,0.004852
54,6478.53,0.732,0.70891,0.99513,0.83572,0.014259,0.004753,0.014259,0.004753,0.014259,0.004753,0.014259,0.004753
55,6595.72,0.73101,0.70961,0.99513,0.83613,0.013962,0.004654,0.013962,0.004654,0.013962,0.004654,0.013962,0.004654
56,6712.87,0.72054,0.70961,0.99513,0.83543,0.013665,0.004555,0.013665,0.004555,0.013665,0.004555,0.013665,0.004555
57,6829.36,0.71508,0.70857,0.99478,0.83664,0.013368,0.004456,0.013368,0.004456,0.013368,0.004456,0.013368,0.004456
58,6945.31,0.71431,0.70717,0.99478,0.83782,0.013071,0.004357,0.013071,0.004357,0.013071,0.004357,0.013071,0.004357
59,7063.74,0.70828,0.70752,0.99478,0.83821,0.012774,0.004258,0.012774,0.004258,0.012774,0.004258,0.012774,0.004258
60,7185.24,0.70178,0.70613,0.99478,0.83804,0.012477,0.004159,0.012477,0.004159,0.012477,0.004159,0.012477,0.004159
61,7310.81,0.69999,0.70752,0.99478,0.83815,0.01218,0.00406,0.01218,0.00406,0.01218,0.00406,0.01218,0.00406
62,7438.61,0.68818,0.70752,0.99513,0.8382,0.011883,0.003961,0.011883,0.003961,0.011883,0.003961,0.011883,0.003961
63,7565.7,0.67886,0.70787,0.99513,0.84024,0.011586,0.003862,0.011586,0.003862,0.011586,0.003862,0.011586,0.003862
64,7695.31,0.67578,0.70648,0.99478,0.8416,0.011289,0.003763,0.011289,0.003763,0.011289,0.003763,0.011289,0.003763
65,7824.83,0.665,0.70682,0.99478,0.84264,0.010992,0.003664,0.010992,0.003664,0.010992,0.003664,0.010992,0.003664
66,7955.7,0.65371,0.70822,0.99478,0.84307,0.010695,0.003565,0.010695,0.003565,0.010695,0.003565,0.010695,0.003565
67,8087.38,0.6533,0.70996,0.99478,0.84204,0.010398,0.003466,0.010398,0.003466,0.010398,0.003466,0.010398,0.003466
68,8218.74,0.64589,0.70822,0.99478,0.8434,0.010101,0.003367,0.010101,0.003367,0.010101,0.003367,0.010101,0.003367
69,8349.41,0.63097,0.70787,0.99478,0.84136,0.009804,0.003268,0.009804,0.003268,0.009804,0.003268,0.009804,0.003268
70,8480.86,0.62517,0.70891,0.99478,0.843,0.009507,0.003169,0.009507,0.003169,0.009507,0.003169,0.009507,0.003169
71,8612.52,0.62085,0.70787,0.99478,0.84278,0.00921,0.00307,0.00921,0.00307,0.00921,0.00307,0.00921,0.00307
72,8745.5,0.60715,0.70822,0.99478,0.84422,0.008913,0.002971,0.008913,0.002971,0.008913,0.002971,0.008913,0.002971
73,8878.54,0.60485,0.70752,0.99478,0.84487,0.008616,0.002872,0.008616,0.002872,0.008616,0.002872,0.008616,0.002872
74,9011.89,0.60175,0.70648,0.99478,0.84577,0.008319,0.002773,0.008319,0.002773,0.008319,0.002773,0.008319,0.002773
75,9147.31,0.58333,0.70648,0.99478,0.84678,0.008022,0.002674,0.008022,0.002674,0.008022,0.002674,0.008022,0.002674
76,9281.56,0.58243,0.70474,0.99478,0.85021,0.007725,0.002575,0.007725,0.002575,0.007725,0.002575,0.007725,0.002575
77,9415.66,0.56749,0.70578,0.99513,0.85173,0.007428,0.002476,0.007428,0.002476,0.007428,0.002476,0.007428,0.002476
78,9550.7,0.56177,0.70682,0.99513,0.85176,0.007131,0.002377,0.007131,0.002377,0.007131,0.002377,0.007131,0.002377
79,9685.42,0.54877,0.70578,0.99513,0.85489,0.006834,0.002278,0.006834,0.002278,0.006834,0.002278,0.006834,0.002278
80,9820.63,0.54812,0.70648,0.99478,0.85698,0.006537,0.002179,0.006537,0.002179,0.006537,0.002179,0.006537,0.002179
81,9957.95,0.53692,0.70682,0.99478,0.85888,0.00624,0.00208,0.00624,0.00208,0.00624,0.00208,0.00624,0.00208
82,10094.5,0.52877,0.70717,0.99443,0.86211,0.005943,0.001981,0.005943,0.001981,0.005943,0.001981,0.005943,0.001981
83,10233.2,0.51991,0.70787,0.99443,0.86457,0.005646,0.001882,0.005646,0.001882,0.005646,0.001882,0.005646,0.001882
84,10370.6,0.50426,0.70961,0.99443,0.8665,0.005349,0.001783,0.005349,0.001783,0.005349,0.001783,0.005349,0.001783
85,10507.4,0.49916,0.70996,0.99408,0.87061,0.005052,0.001684,0.005052,0.001684,0.005052,0.001684,0.005052,0.001684
86,10646.9,0.47811,0.71065,0.99408,0.87264,0.004755,0.001585,0.004755,0.001585,0.004755,0.001585,0.004755,0.001585
87,10784.3,0.48172,0.7117,0.99373,0.87632,0.004458,0.001486,0.004458,0.001486,0.004458,0.001486,0.004458,0.001486
88,10924,0.46772,0.7124,0.99373,0.87987,0.004161,0.001387,0.004161,0.001387,0.004161,0.001387,0.004161,0.001387
89,11062,0.45887,0.71205,0.99373,0.88106,0.003864,0.001288,0.003864,0.001288,0.003864,0.001288,0.003864,0.001288
90,11199.9,0.44501,0.71414,0.99338,0.88478,0.003567,0.001189,0.003567,0.001189,0.003567,0.001189,0.003567,0.001189
91,11339.7,0.43554,0.71344,0.99373,0.88631,0.00327,0.00109,0.00327,0.00109,0.00327,0.00109,0.00327,0.00109
92,11479.6,0.42051,0.71379,0.99478,0.89129,0.002973,0.000991,0.002973,0.000991,0.002973,0.000991,0.002973,0.000991
93,11619.2,0.41434,0.71483,0.99408,0.89242,0.002676,0.000892,0.002676,0.000892,0.002676,0.000892,0.002676,0.000892
94,11760.4,0.41151,0.71518,0.99478,0.89635,0.002379,0.000793,0.002379,0.000793,0.002379,0.000793,0.002379,0.000793
95,11902,0.39667,0.71379,0.99478,0.89892,0.002082,0.000694,0.002082,0.000694,0.002082,0.000694,0.002082,0.000694
96,12041.3,0.38286,0.71414,0.99478,0.9029,0.001785,0.000595,0.001785,0.000595,0.001785,0.000595,0.001785,0.000595
97,12174.4,0.37906,0.71518,0.99478,0.90719,0.001488,0.000496,0.001488,0.000496,0.001488,0.000496,0.001488,0.000496
98,12302.8,0.36975,0.71414,0.99478,0.91106,0.001191,0.000397,0.001191,0.000397,0.001191,0.000397,0.001191,0.000397
99,12428,0.36568,0.71448,0.99443,0.91392,0.000894,0.000298,0.000894,0.000298,0.000894,0.000298,0.000894,0.000298
100,12553.2,0.35019,0.71309,0.99443,0.91954,0.000597,0.000199,0.000597,0.000199,0.000597,0.000199,0.000597,0.000199
